id,role,version,category,file_path,expected,actual,exact_match,norm_exact_match,char_distance,expected_chars,cer,audio_ms,first_partial_ms,final_latency_ms
principal_001,principal,myvoice,myvoice/principal,/Users/lixiaofeng/Code/github/flowrium-voice/audio/myvoice/principal/principal_001.wav,打开学校今日运行数据大屏。,打开学校今日运行数据大屏。,True,True,0,12,0.0,3520.7,429.1,2069.1
principal_002,principal,myvoice,myvoice/principal,/Users/lixiaofeng/Code/github/flowrium-voice/audio/myvoice/principal/principal_002.wav,切换到校长驾驶舱首页。,切换到校长驾驶舱首页。,True,True,0,10,0.0,3008.7,156.7,1295.4
principal_003,principal,myvoice,myvoice/principal,/Users/lixiaofeng/Code/github/flowrium-voice/audio/myvoice/principal/principal_003.wav,帮我打开学校运行总览。,帮我打开学校运行总览。,True,True,0,10,0.0,3147.3,166.0,1419.3
principal_004,principal,myvoice,myvoice/principal,/Users/lixiaofeng/Code/github/flowrium-voice/audio/myvoice/principal/principal_004.wav,我想看一下今天的学校整体情况。,我想看一下今天的学校整体情况。,True,True,0,14,0.0,3798.0,163.4,2486.8
principal_005,principal,myvoice,myvoice/principal,/Users/lixiaofeng/Code/github/flowrium-voice/audio/myvoice/principal/principal_005.wav,打开校长驾驶舱里的学校运行总览页。,打开校长驾驶舱里的学校运行总览页。,True,True,0,16,0.0,4267.3,407.2,4569.3
principal_006,principal,myvoice,myvoice/principal,/Users/lixiaofeng/Code/github/flowrium-voice/audio/myvoice/principal/principal_006.wav,看学校总览。,看学校总满。,False,False,1,5,0.2,1942.0,287.7,1777.2
principal_007,principal,myvoice,myvoice/principal,/Users/lixiaofeng/Code/github/flowrium-voice/audio/myvoice/principal/principal_007.wav,查看今天全校学生到校情况。,查看今天全校学生到校情况。,True,True,0,12,0.0,3147.3,320.7,2501.1
principal_008,principal,myvoice,myvoice/principal,/Users/lixiaofeng/Code/github/flowrium-voice/audio/myvoice/principal/principal_008.wav,查询本周各年级学生出勤率。,查询本周过年级学生出勤率。,False,False,1,12,0.0833,3243.3,311.2,2242.6
principal_009,principal,myvoice,myvoice/principal,/Users/lixiaofeng/Code/github/flowrium-voice/audio/myvoice/principal/principal_009.wav,帮我看一下今天全校到校情况。,帮我看一下今天全校到校情况。,True,True,0,13,0.0,3478.0,202.9,2841.8
principal_010,principal,myvoice,myvoice/principal,/Users/lixiaofeng/Code/github/flowrium-voice/audio/myvoice/principal/principal_010.wav,我想查一下这周各年级的出勤率。,我想查一下这周过年级的出勤率。,False,False,1,14,0.0714,4032.7,225.6,2613.9
principal_011,principal,myvoice,myvoice/principal,/Users/lixiaofeng/Code/github/flowrium-voice/audio/myvoice/principal/principal_011.wav,查一下七年级和八年级今天的到校情况。,查一下7年级和8年级，今天的到校情况。,False,False,2,17,0.1176,4587.3,167.5,2516.2
principal_012,principal,myvoice,myvoice/principal,/Users/lixiaofeng/Code/github/flowrium-voice/audio/myvoice/principal/principal_012.wav,看今天到校。,看今天到校。,True,True,0,5,0.0,1760.7,257.0,965.1
principal_013,principal,myvoice,myvoice/principal,/Users/lixiaofeng/Code/github/flowrium-voice/audio/myvoice/principal/principal_013.wav,查看本月教师考勤异常统计。,查看本月教师考勤异常统计。,True,True,0,12,0.0,4267.3,153.6,2117.1
principal_014,principal,myvoice,myvoice/principal,/Users/lixiaofeng/Code/github/flowrium-voice/audio/myvoice/principal/principal_014.wav,查询本月教师授课课时统计。,查询本月教师授课课时统计。,True,True,0,12,0.0,4075.3,164.0,2522.8
principal_015,principal,myvoice,myvoice/principal,/Users/lixiaofeng/Code/github/flowrium-voice/audio/myvoice/principal/principal_015.wav,帮我看一下这个月教师考勤异常。,帮我看一下这个月教师考勤异常。,True,True,0,14,0.0,3990.0,185.1,2227.0
principal_016,principal,myvoice,myvoice/principal,/Users/lixiaofeng/Code/github/flowrium-voice/audio/myvoice/principal/principal_016.wav,我想查查本学期教师的授课课时。,我想渣渣本学期教师的授课课时。,False,False,2,14,0.1429,4779.3,161.9,3013.9
principal_017,principal,myvoice,myvoice/principal,/Users/lixiaofeng/Code/github/flowrium-voice/audio/myvoice/principal/principal_017.wav,看一下语文组和数学组教师本月考勤异常统计。,看一下语文组合，数学组教师本月考勤异常统计。,False,False,1,20,0.05,5888.7,147.5,3004.1
principal_018,principal,myvoice,myvoice/principal,/Users/lixiaofeng/Code/github/flowrium-voice/audio/myvoice/principal/principal_018.wav,查教师考勤异常。,查教师考勤异常。,True,True,0,7,0.0,2315.3,178.0,1126.9
principal_019,principal,myvoice,myvoice/principal,/Users/lixiaofeng/Code/github/flowrium-voice/audio/myvoice/principal/principal_019.wav,打开学校教学质量分析报表。,打开学校教学质量分析报表。,True,True,0,12,0.0,3062.0,166.6,1581.8
principal_020,principal,myvoice,myvoice/principal,/Users/lixiaofeng/Code/github/flowrium-voice/audio/myvoice/principal/principal_020.wav,查看各年级最近一次考试平均分。,查看我年级最近一次考试平均分。,False,False,1,14,0.0714,3851.3,159.0,2194.8
principal_021,principal,myvoice,myvoice/principal,/Users/lixiaofeng/Code/github/flowrium-voice/audio/myvoice/principal/principal_021.wav,帮我打开教学质量分析。,帮我打开教学质量分析。,True,True,0,10,0.0,2870.0,184.5,1168.8
principal_022,principal,myvoice,myvoice/principal,/Users/lixiaofeng/Code/github/flowrium-voice/audio/myvoice/principal/principal_022.wav,我想看一下最近一次考试的年级平均分。,我想看一下最近一次考试的年级平均分。,True,True,0,17,0.0,4406.0,233.9,2289.1
principal_023,principal,myvoice,myvoice/principal,/Users/lixiaofeng/Code/github/flowrium-voice/audio/myvoice/principal/principal_023.wav,把七年级和八年级最近一次考试平均分对比一下。,把7年级和8年级最近一次考试平均分对比一下。,False,False,2,21,0.0952,5334.0,186.6,2754.5
principal_024,principal,myvoice,myvoice/principal,/Users/lixiaofeng/Code/github/flowrium-voice/audio/myvoice/principal/principal_024.wav,看成绩分析。,看成绩分析。,True,True,0,5,0.0,1803.3,111.8,728.4
principal_025,principal,myvoice,myvoice/principal,/Users/lixiaofeng/Code/github/flowrium-voice/audio/myvoice/principal/principal_025.wav,查看学校本月安全巡检情况。,察看学校本月安全巡检情况。,False,False,1,12,0.0833,3424.7,115.8,1202.0
principal_026,principal,myvoice,myvoice/principal,/Users/lixiaofeng/Code/github/flowrium-voice/audio/myvoice/principal/principal_026.wav,查看本周学生违纪情况汇总。,查看本周学生违纪情况，汇总。,False,True,0,12,0.0,3712.7,125.9,1521.5
principal_027,principal,myvoice,myvoice/principal,/Users/lixiaofeng/Code/github/flowrium-voice/audio/myvoice/principal/principal_027.wav,帮我看一下这个月学校安全巡检情况。,帮我看一下这个月学校安全巡检情况。,True,True,0,16,0.0,4224.7,110.6,1450.7
principal_028,principal,myvoice,myvoice/principal,/Users/lixiaofeng/Code/github/flowrium-voice/audio/myvoice/principal/principal_028.wav,我想查一下这周学生违纪汇总。,我想查一下这周学生违纪汇总。,True,True,0,13,0.0,3798.0,106.6,1322.8
principal_029,principal,myvoice,myvoice/principal,/Users/lixiaofeng/Code/github/flowrium-voice/audio/myvoice/principal/principal_029.wav,教学楼A栋这周的安全巡检情况怎么样。,教学楼二栋，这周的安全巡检情况怎么样。,False,False,1,17,0.0588,5014.0,169.7,1954.5
principal_030,principal,myvoice,myvoice/principal,/Users/lixiaofeng/Code/github/flowrium-voice/audio/myvoice/principal/principal_030.wav,看安全巡检。,看安全巡检。,True,True,0,5,0.0,1995.3,125.4,733.3
principal_031,principal,myvoice,myvoice/principal,/Users/lixiaofeng/Code/github/flowrium-voice/audio/myvoice/principal/principal_031.wav,查询今天校园设备运行状态。,查询今天校园设备运行状态。,True,True,0,12,0.0,3147.3,116.9,1230.3
principal_032,principal,myvoice,myvoice/principal,/Users/lixiaofeng/Code/github/flowrium-voice/audio/myvoice/principal/principal_032.wav,查看学校食堂今日用餐统计。,查看学校食堂今日用餐统计。,True,True,0,12,0.0,4448.7,121.6,1493.0
principal_033,principal,myvoice,myvoice/principal,/Users/lixiaofeng/Code/github/flowrium-voice/audio/myvoice/principal/principal_033.wav,帮我查一下今天校园设备运行情况。,帮我查一下今天校园设备运行情况。,True,True,0,15,0.0,4032.7,113.7,1428.7
principal_034,principal,myvoice,myvoice/principal,/Users/lixiaofeng/Code/github/flowrium-voice/audio/myvoice/principal/principal_034.wav,我想看一下今天食堂用餐统计。,我想看一下今天食堂用餐统计。,True,True,0,13,0.0,3894.0,116.0,1236.5
principal_035,principal,myvoice,myvoice/principal,/Users/lixiaofeng/Code/github/flowrium-voice/audio/myvoice/principal/principal_035.wav,看一下图书馆和实验楼的设备运行状态。,看一下图书馆和实验楼的设备运行状态。,True,True,0,17,0.0,4587.3,109.0,1542.5
principal_036,principal,myvoice,myvoice/principal,/Users/lixiaofeng/Code/github/flowrium-voice/audio/myvoice/principal/principal_036.wav,查设备状态。,查设备状态。,True,True,0,5,0.0,1707.3,113.7,598.5
principal_037,principal,myvoice,myvoice/principal,/Users/lixiaofeng/Code/github/flowrium-voice/audio/myvoice/principal/principal_037.wav,打开德育管理统计大屏。,打开德育管理统计大屏。,True,True,0,10,0.0,3147.3,245.1,1204.2
principal_038,principal,myvoice,myvoice/principal,/Users/lixiaofeng/Code/github/flowrium-voice/audio/myvoice/principal/principal_038.wav,查看各班级综合评价排名。,查看个班级综合评价排名。,False,False,1,11,0.0909,3616.7,196.9,1202.8
principal_039,principal,myvoice,myvoice/principal,/Users/lixiaofeng/Code/github/flowrium-voice/audio/myvoice/principal/principal_039.wav,帮我打开德育管理统计大屏。,帮我打开德育管理统计大屏。,True,True,0,12,0.0,3062.0,117.2,1079.8
principal_040,principal,myvoice,myvoice/principal,/Users/lixiaofeng/Code/github/flowrium-voice/audio/myvoice/principal/principal_040.wav,我想看一下各班综合评价排名。,我想看一下各班综合评价排名。,True,True,0,13,0.0,3798.0,128.2,1423.9
principal_041,principal,myvoice,myvoice/principal,/Users/lixiaofeng/Code/github/flowrium-voice/audio/myvoice/principal/principal_041.wav,查一下七年级一班和七年级二班的综合评价排名。,查一下7年级一班和7年级二班的综合评价排名。,False,False,2,21,0.0952,5238.0,107.5,1834.8
principal_042,principal,myvoice,myvoice/principal,/Users/lixiaofeng/Code/github/flowrium-voice/audio/myvoice/principal/principal_042.wav,看德育统计。,潘德预统计。,False,False,2,5,0.4,1526.0,123.6,553.3
principal_043,principal,myvoice,myvoice/principal,/Users/lixiaofeng/Code/github/flowrium-voice/audio/myvoice/principal/principal_043.wav,打开学校招生数据分析页面。,打开学校招生数据分析页面。,True,True,0,12,0.0,3243.3,130.8,1918.8
principal_044,principal,myvoice,myvoice/principal,/Users/lixiaofeng/Code/github/flowrium-voice/audio/myvoice/principal/principal_044.wav,查询本学期学生流失预警名单。,查询本学期学生流失预警名单。,True,True,0,13,0.0,4310.0,130.0,1905.8
principal_045,principal,myvoice,myvoice/principal,/Users/lixiaofeng/Code/github/flowrium-voice/audio/myvoice/principal/principal_045.wav,帮我打开招生数据分析。,帮我打开招生数据分析。,True,True,0,10,0.0,3104.7,141.6,1284.3
principal_046,principal,myvoice,myvoice/principal,/Users/lixiaofeng/Code/github/flowrium-voice/audio/myvoice/principal/principal_046.wav,我想查一下这学期学生流失预警。,我想查一下这学期学生流失预警。,True,True,0,14,0.0,3659.3,120.0,1372.7
principal_047,principal,myvoice,myvoice/principal,/Users/lixiaofeng/Code/github/flowrium-voice/audio/myvoice/principal/principal_047.wav,看一下一年级新生招生数据分析页面。,看一下一年级新生招生数据分析页面。,True,True,0,16,0.0,4128.7,130.8,2171.7
principal_048,principal,myvoice,myvoice/principal,/Users/lixiaofeng/Code/github/flowrium-voice/audio/myvoice/principal/principal_048.wav,看招生分析。,看招生分析。,True,True,0,5,0.0,1707.3,162.9,820.2
principal_049,principal,myvoice,myvoice/principal,/Users/lixiaofeng/Code/github/flowrium-voice/audio/myvoice/principal/principal_049.wav,查看本月家校沟通情况统计。,查看本月驾校沟通情况统计。,False,False,1,12,0.0833,3894.0,143.8,1935.0
principal_050,principal,myvoice,myvoice/principal,/Users/lixiaofeng/Code/github/flowrium-voice/audio/myvoice/principal/principal_050.wav,查看各学科教学任务完成情况。,查看过学科教学任务完成情况。,False,False,1,13,0.0769,3147.3,148.5,1515.3
principal_051,principal,myvoice,myvoice/principal,/Users/lixiaofeng/Code/github/flowrium-voice/audio/myvoice/principal/principal_051.wav,帮我看一下这个月家校沟通统计。,帮我看一下这个月家校沟通统计。,True,True,0,14,0.0,3478.0,165.7,2095.1
principal_052,principal,myvoice,myvoice/principal,/Users/lixiaofeng/Code/github/flowrium-voice/audio/myvoice/principal/principal_052.wav,我想查查各学科教学任务完成情况。,我想扎扎个学科教学任务完成情况。,False,False,3,15,0.2,4640.7,147.3,1888.9
principal_053,principal,myvoice,myvoice/principal,/Users/lixiaofeng/Code/github/flowrium-voice/audio/myvoice/principal/principal_053.wav,看一下英语学科本月教学任务完成情况。,看一下英语学科本月教学任务完成情况。,True,True,0,17,0.0,4032.7,124.7,2263.0
principal_054,principal,myvoice,myvoice/principal,/Users/lixiaofeng/Code/github/flowrium-voice/audio/myvoice/principal/principal_054.wav,看家校沟通统计。,参加校高通统计。,False,False,3,7,0.4286,2315.3,222.8,1324.0
principal_055,principal,myvoice,myvoice/principal,/Users/lixiaofeng/Code/github/flowrium-voice/audio/myvoice/principal/principal_055.wav,生成本周学校运行情况简报。,生成本周，学校运行情况简报。,False,True,0,12,0.0,3659.3,133.3,1478.3
principal_056,principal,myvoice,myvoice/principal,/Users/lixiaofeng/Code/github/flowrium-voice/audio/myvoice/principal/principal_056.wav,对比本学期各年级成绩变化趋势。,对比本学7个年级成绩变化趋势。,False,False,2,14,0.1429,4075.3,125.8,1869.9
principal_057,principal,myvoice,myvoice/principal,/Users/lixiaofeng/Code/github/flowrium-voice/audio/myvoice/principal/principal_057.wav,帮我生成这周学校运行简报。,帮我生成这周学校运行简报。,True,True,0,12,0.0,3200.7,143.4,1383.3
principal_058,principal,myvoice,myvoice/principal,/Users/lixiaofeng/Code/github/flowrium-voice/audio/myvoice/principal/principal_058.wav,我想看一下这学期各年级成绩趋势。,我想看一下这学期个年级成绩趋势。,False,False,1,15,0.0667,4502.0,124.3,1813.8
principal_059,principal,myvoice,myvoice/principal,/Users/lixiaofeng/Code/github/flowrium-voice/audio/myvoice/principal/principal_059.wav,生成一份包含七年级和八年级数据的学校周简报。,生成一份包含7年级和8年级数据的学校，周简报。,False,False,2,21,0.0952,6027.3,121.1,2362.9
principal_060,principal,myvoice,myvoice/principal,/Users/lixiaofeng/Code/github/flowrium-voice/audio/myvoice/principal/principal_060.wav,生成学校简报。,生成学校简报。,True,True,0,6,0.0,1899.3,123.3,820.1
director_001,director,myvoice,myvoice/director,/Users/lixiaofeng/Code/github/flowrium-voice/audio/myvoice/director/director_001.wav,打开年级管理工作台。,打开年级管理工作台。,True,True,0,9,0.0,2454.0,136.4,1039.0
director_002,director,myvoice,myvoice/director,/Users/lixiaofeng/Code/github/flowrium-voice/audio/myvoice/director/director_002.wav,返回主任工作台首页。,返回主任工作台首页。,True,True,0,9,0.0,2592.7,191.8,1463.4
director_003,director,myvoice,myvoice/director,/Users/lixiaofeng/Code/github/flowrium-voice/audio/myvoice/director/director_003.wav,帮我打开年级管理工作台。,帮我打开年级管理工作台。,True,True,0,11,0.0,3520.7,194.4,2330.5
director_004,director,myvoice,myvoice/director,/Users/lixiaofeng/Code/github/flowrium-voice/audio/myvoice/director/director_004.wav,我想回到主任工作台首页。,我想回到主任工作台首页。,True,True,0,11,0.0,3008.7,183.4,1980.8
director_005,director,myvoice,myvoice/director,/Users/lixiaofeng/Code/github/flowrium-voice/audio/myvoice/director/director_005.wav,切到七年级管理工作台首页。,切到7年级管理工作台首页。,False,False,1,12,0.0833,3243.3,126.6,1348.2
director_006,director,myvoice,myvoice/director,/Users/lixiaofeng/Code/github/flowrium-voice/audio/myvoice/director/director_006.wav,打开主任工作台。,打开主任工作台。,True,True,0,7,0.0,2411.3,140.7,963.7
director_007,director,myvoice,myvoice/director,/Users/lixiaofeng/Code/github/flowrium-voice/audio/myvoice/director/director_007.wav,查看今天本年级学生出勤情况。,查看今天本年级学生出勤情况。,True,True,0,13,0.0,3755.3,165.8,1551.1
director_008,director,myvoice,myvoice/director,/Users/lixiaofeng/Code/github/flowrium-voice/audio/myvoice/director/director_008.wav,查询本周各班级迟到人数。,查询本周各班级迟到人数。,True,True,0,11,0.0,3104.7,142.7,1161.8
director_009,director,myvoice,myvoice/director,/Users/lixiaofeng/Code/github/flowrium-voice/audio/myvoice/director/director_009.wav,帮我看一下今天本年级的出勤情况。,帮我看一下今天本年级的出勤情况。,True,True,0,15,0.0,3990.0,147.7,2068.3
director_010,director,myvoice,myvoice/director,/Users/lixiaofeng/Code/github/flowrium-voice/audio/myvoice/director/director_010.wav,我想查一下这周各班迟到人数。,我想查一下这周各班迟到人数。,True,True,0,13,0.0,3382.0,120.6,1321.5
director_011,director,myvoice,myvoice/director,/Users/lixiaofeng/Code/github/flowrium-voice/audio/myvoice/director/director_011.wav,查一下七年级一班今天的出勤情况。,查一下7年级一班今天的出勤情况。,False,False,1,15,0.0667,4448.7,136.2,1714.3
director_012,director,myvoice,myvoice/director,/Users/lixiaofeng/Code/github/flowrium-voice/audio/myvoice/director/director_012.wav,看年级出勤。,半年级出勤。,False,False,1,5,0.2,1846.0,132.0,715.7
director_013,director,myvoice,myvoice/director,/Users/lixiaofeng/Code/github/flowrium-voice/audio/myvoice/director/director_013.wav,查看今天请假的学生名单。,查看今天请假的学生名单。,True,True,0,11,0.0,3851.3,132.8,1721.0
director_014,director,myvoice,myvoice/director,/Users/lixiaofeng/Code/github/flowrium-voice/audio/myvoice/director/director_014.wav,打开本年级学生预警名单。,打开本年级学生预警名单。,True,True,0,11,0.0,3243.3,127.9,1357.2
director_015,director,myvoice,myvoice/director,/Users/lixiaofeng/Code/github/flowrium-voice/audio/myvoice/director/director_015.wav,帮我看一下今天请假的学生都有谁。,帮我看一下今天请假的学生都有谁。,True,True,0,15,0.0,4032.7,145.6,1828.5
director_016,director,myvoice,myvoice/director,/Users/lixiaofeng/Code/github/flowrium-voice/audio/myvoice/director/director_016.wav,我想查查本年级需要预警的学生。,我想，渣渣本年级需要预警的学生。,False,False,2,14,0.1429,3798.0,140.6,1537.8
director_017,director,myvoice,myvoice/director,/Users/lixiaofeng/Code/github/flowrium-voice/audio/myvoice/director/director_017.wav,看一下七年级三班今天请假的学生名单。,看一下7年级三班，今天请假的学生名单。,False,False,1,17,0.0588,5238.0,130.4,2011.8
director_018,director,myvoice,myvoice/director,/Users/lixiaofeng/Code/github/flowrium-voice/audio/myvoice/director/director_018.wav,看请假名单。,探请假名单。,False,False,1,5,0.2,2080.7,120.2,837.6
director_019,director,myvoice,myvoice/director,/Users/lixiaofeng/Code/github/flowrium-voice/audio/myvoice/director/director_019.wav,打开本年级考试成绩分析。,打开本年级考试成绩分析。,True,True,0,11,0.0,3659.3,137.2,1407.3
director_020,director,myvoice,myvoice/director,/Users/lixiaofeng/Code/github/flowrium-voice/audio/myvoice/director/director_020.wav,对比各班级语文平均分。,对比各班及与文凭均分。,False,False,3,10,0.3,2923.3,120.6,1142.9
director_021,director,myvoice,myvoice/director,/Users/lixiaofeng/Code/github/flowrium-voice/audio/myvoice/director/director_021.wav,帮我打开本年级成绩分析。,帮我打开本年级成绩分析。,True,True,0,11,0.0,3200.7,134.9,1287.9
director_022,director,myvoice,myvoice/director,/Users/lixiaofeng/Code/github/flowrium-voice/audio/myvoice/director/director_022.wav,我想看一下各班语文平均分对比。,我想看一下各班语文平均分对比。,True,True,0,14,0.0,3616.7,129.4,1560.8
director_023,director,myvoice,myvoice/director,/Users/lixiaofeng/Code/github/flowrium-voice/audio/myvoice/director/director_023.wav,把七年级一班和七年级二班的语文平均分对比一下。,把7年级一班和7年级二班的语文平均分对比一下。,False,False,2,22,0.0909,5803.3,153.7,2733.2
director_024,director,myvoice,myvoice/director,/Users/lixiaofeng/Code/github/flowrium-voice/audio/myvoice/director/director_024.wav,看成绩对比。,看成绩对比。,True,True,0,5,0.0,1760.7,127.4,676.7
director_025,director,myvoice,myvoice/director,/Users/lixiaofeng/Code/github/flowrium-voice/audio/myvoice/director/director_025.wav,查看各班级纪律扣分统计。,查看个班级纪律扣分统计。,False,False,1,11,0.0909,3339.3,139.5,1336.5
director_026,director,myvoice,myvoice/director,/Users/lixiaofeng/Code/github/flowrium-voice/audio/myvoice/director/director_026.wav,打开学生违纪处理记录。,打开学生违纪处理记录。,True,True,0,10,0.0,2827.3,108.3,992.9
director_027,director,myvoice,myvoice/director,/Users/lixiaofeng/Code/github/flowrium-voice/audio/myvoice/director/director_027.wav,帮我看一下各班纪律扣分情况。,帮我看一下各班纪律扣分情况。,True,True,0,13,0.0,3424.7,115.0,1321.6
director_028,director,myvoice,myvoice/director,/Users/lixiaofeng/Code/github/flowrium-voice/audio/myvoice/director/director_028.wav,我想查一下学生违纪处理记录。,我想查一下学生违纪处理记录。,True,True,0,13,0.0,3659.3,117.1,1443.5
director_029,director,myvoice,myvoice/director,/Users/lixiaofeng/Code/github/flowrium-voice/audio/myvoice/director/director_029.wav,查一下七年级二班本周纪律扣分统计。,查一下7年级二班本周纪律扣分统计。,False,False,1,16,0.0625,4224.7,118.4,1541.4
director_030,director,myvoice,myvoice/director,/Users/lixiaofeng/Code/github/flowrium-voice/audio/myvoice/director/director_030.wav,看违纪记录。,探违纪记录。,False,False,1,5,0.2,1430.0,105.2,552.1
director_031,director,myvoice,myvoice/director,/Users/lixiaofeng/Code/github/flowrium-voice/audio/myvoice/director/director_031.wav,查询本周卫生检查排名。,查询本周卫生检查排名。,True,True,0,10,0.0,2870.0,115.1,1095.1
director_032,director,myvoice,myvoice/director,/Users/lixiaofeng/Code/github/flowrium-voice/audio/myvoice/director/director_032.wav,查看今天值班教师安排。,查看今天值班教室安排。,False,False,1,10,0.1,2496.7,122.4,1153.0
director_033,director,myvoice,myvoice/director,/Users/lixiaofeng/Code/github/flowrium-voice/audio/myvoice/director/director_033.wav,帮我查一下这周卫生检查排名。,帮我查一下这座卫生检查排名。,False,False,1,13,0.0769,3712.7,127.9,1469.9
director_034,director,myvoice,myvoice/director,/Users/lixiaofeng/Code/github/flowrium-voice/audio/myvoice/director/director_034.wav,我想看一下今天值班教师安排。,我想看一下今天值班教师安排。,True,True,0,13,0.0,3798.0,121.5,1442.1
director_035,director,myvoice,myvoice/director,/Users/lixiaofeng/Code/github/flowrium-voice/audio/myvoice/director/director_035.wav,看一下周五下午的值班教师安排。,看一下周五下午的值班教师安排。,True,True,0,14,0.0,3147.3,132.9,1297.6
director_036,director,myvoice,myvoice/director,/Users/lixiaofeng/Code/github/flowrium-voice/audio/myvoice/director/director_036.wav,看值班安排。,看值班安排。,True,True,0,5,0.0,1664.7,126.3,762.0
director_037,director,myvoice,myvoice/director,/Users/lixiaofeng/Code/github/flowrium-voice/audio/myvoice/director/director_037.wav,打开课程调课审批列表。,打开课程调课审批列表。,True,True,0,10,0.0,3147.3,142.2,1217.9
director_038,director,myvoice,myvoice/director,/Users/lixiaofeng/Code/github/flowrium-voice/audio/myvoice/director/director_038.wav,查询本周教师代课情况。,查询本周教师代课情况。,True,True,0,10,0.0,3243.3,149.6,1208.7
director_039,director,myvoice,myvoice/director,/Users/lixiaofeng/Code/github/flowrium-voice/audio/myvoice/director/director_039.wav,帮我打开调课审批列表。,帮我打开雕刻审批列表。,False,False,2,10,0.2,3286.0,138.3,1226.5
director_040,director,myvoice,myvoice/director,/Users/lixiaofeng/Code/github/flowrium-voice/audio/myvoice/director/director_040.wav,我想查一下这周教师代课情况。,我想查一下这周教师代课情况。,True,True,0,13,0.0,3478.0,141.2,1429.5
director_041,director,myvoice,myvoice/director,/Users/lixiaofeng/Code/github/flowrium-voice/audio/myvoice/director/director_041.wav,看一下数学组本周的代课安排。,看一下数学组本周的代课安排。,True,True,0,13,0.0,3659.3,129.6,1629.5
director_042,director,myvoice,myvoice/director,/Users/lixiaofeng/Code/github/flowrium-voice/audio/myvoice/director/director_042.wav,看调课审批。,看雕刻审批。,False,False,2,5,0.4,1995.3,124.8,890.6
director_043,director,myvoice,myvoice/director,/Users/lixiaofeng/Code/github/flowrium-voice/audio/myvoice/director/director_043.wav,查看未完成备课检查的教师名单。,查看未完成备课检查的教师名单。,True,True,0,14,0.0,4032.7,115.0,1542.9
director_044,director,myvoice,myvoice/director,/Users/lixiaofeng/Code/github/flowrium-voice/audio/myvoice/director/director_044.wav,查询本周班主任工作完成情况。,查询本周班主任工作完成情况。,True,True,0,13,0.0,3755.3,176.0,1939.9
director_045,director,myvoice,myvoice/director,/Users/lixiaofeng/Code/github/flowrium-voice/audio/myvoice/director/director_045.wav,帮我看一下哪些教师还没完成备课检查。,帮我看一下哪些教室还没完成备课检查。,False,False,1,17,0.0588,4683.3,99.0,1844.7
director_046,director,myvoice,myvoice/director,/Users/lixiaofeng/Code/github/flowrium-voice/audio/myvoice/director/director_046.wav,我想查查本周班主任工作完成情况。,我想查查本周班主任工作完成情况。,True,True,0,15,0.0,4822.0,127.6,1855.7
director_047,director,myvoice,myvoice/director,/Users/lixiaofeng/Code/github/flowrium-voice/audio/myvoice/director/director_047.wav,看一下七年级班主任本周工作完成情况。,看一下7年级班主任本周工作完成情况。,False,False,1,17,0.0588,4363.3,122.7,1827.3
director_048,director,myvoice,myvoice/director,/Users/lixiaofeng/Code/github/flowrium-voice/audio/myvoice/director/director_048.wav,看备课检查。,看备课检查。,True,True,0,5,0.0,1707.3,138.0,756.9
director_049,director,myvoice,myvoice/director,/Users/lixiaofeng/Code/github/flowrium-voice/audio/myvoice/director/director_049.wav,查询需要重点关注的学生。,查询需要重点关注的学生。,True,True,0,11,0.0,3008.7,141.7,1309.1
director_050,director,myvoice,myvoice/director,/Users/lixiaofeng/Code/github/flowrium-voice/audio/myvoice/director/director_050.wav,查看本月家长反馈处理情况。,查看本月家长反馈处理情况。,True,True,0,12,0.0,3798.0,123.4,1604.1
director_051,director,myvoice,myvoice/director,/Users/lixiaofeng/Code/github/flowrium-voice/audio/myvoice/director/director_051.wav,帮我查一下需要重点关注的学生。,帮我查一下需要重点关注的学生。,True,True,0,14,0.0,3478.0,159.9,1527.8
director_052,director,myvoice,myvoice/director,/Users/lixiaofeng/Code/github/flowrium-voice/audio/myvoice/director/director_052.wav,我想看一下这个月家长反馈处理情况。,我想看一下这个月家长反馈处理情况。,True,True,0,16,0.0,4171.3,95.5,1300.5
director_053,director,myvoice,myvoice/director,/Users/lixiaofeng/Code/github/flowrium-voice/audio/myvoice/director/director_053.wav,查一下张明和李浩这两个学生的预警情况。,查一下张明和李浩这两个学生的预警情况。,True,True,0,18,0.0,4363.3,106.7,1437.0
director_054,director,myvoice,myvoice/director,/Users/lixiaofeng/Code/github/flowrium-voice/audio/myvoice/director/director_054.wav,看重点学生。,看重点学生。,True,True,0,5,0.0,1942.0,107.1,671.5
director_055,director,myvoice,myvoice/director,/Users/lixiaofeng/Code/github/flowrium-voice/audio/myvoice/director/director_055.wav,生成本年级周工作简报。,生成本年级周工作简报。,True,True,0,10,0.0,2966.0,114.1,991.7
director_056,director,myvoice,myvoice/director,/Users/lixiaofeng/Code/github/flowrium-voice/audio/myvoice/director/director_056.wav,查看本年级数学成绩排名。,查看本年级数学成绩排名。,True,True,0,11,0.0,3286.0,105.1,940.5
director_057,director,myvoice,myvoice/director,/Users/lixiaofeng/Code/github/flowrium-voice/audio/myvoice/director/director_057.wav,帮我生成本年级周简报。,帮我生成本年级周简报。,True,True,0,10,0.0,2731.3,103.7,777.8
director_058,director,myvoice,myvoice/director,/Users/lixiaofeng/Code/github/flowrium-voice/audio/myvoice/director/director_058.wav,我想看一下本年级数学成绩排名。,我想看一下本年级数学成绩排名。,True,True,0,14,0.0,3659.3,89.7,1193.3
director_059,director,myvoice,myvoice/director,/Users/lixiaofeng/Code/github/flowrium-voice/audio/myvoice/director/director_059.wav,生成一份包含七年级一班数据的周工作简报。,生成一份包含7年级一班数据的周工作简报。,False,False,1,19,0.0526,5472.7,106.1,1559.9
director_060,director,myvoice,myvoice/director,/Users/lixiaofeng/Code/github/flowrium-voice/audio/myvoice/director/director_060.wav,生成年级简报。,生成年级简报。,True,True,0,6,0.0,1995.3,99.7,602.4
teacher_001,teacher,myvoice,myvoice/teacher,/Users/lixiaofeng/Code/github/flowrium-voice/audio/myvoice/teacher/teacher_001.wav,打开我的教学工作台。,打开我的教学工作台。,True,True,0,9,0.0,2411.3,102.5,734.5
teacher_002,teacher,myvoice,myvoice/teacher,/Users/lixiaofeng/Code/github/flowrium-voice/audio/myvoice/teacher/teacher_002.wav,返回教师工作台首页。,返回教师工作台首页。,True,True,0,9,0.0,2784.7,103.1,856.1
teacher_003,teacher,myvoice,myvoice/teacher,/Users/lixiaofeng/Code/github/flowrium-voice/audio/myvoice/teacher/teacher_003.wav,帮我打开教学工作台。,帮我打开教学工作台。,True,True,0,9,0.0,2592.7,89.1,746.5
teacher_004,teacher,myvoice,myvoice/teacher,/Users/lixiaofeng/Code/github/flowrium-voice/audio/myvoice/teacher/teacher_004.wav,我想回到教师工作台首页。,我想回到教师工作台首页。,True,True,0,11,0.0,3147.3,108.4,973.0
teacher_005,teacher,myvoice,myvoice/teacher,/Users/lixiaofeng/Code/github/flowrium-voice/audio/myvoice/teacher/teacher_005.wav,切到七年级数学教师工作台首页。,切到7年级数学教师工作台首页。,False,False,1,14,0.0714,3851.3,106.6,1113.5
teacher_006,teacher,myvoice,myvoice/teacher,/Users/lixiaofeng/Code/github/flowrium-voice/audio/myvoice/teacher/teacher_006.wav,打开教学工作台。,打开教学工作台。,True,True,0,7,0.0,2358.0,106.4,823.5
teacher_007,teacher,myvoice,myvoice/teacher,/Users/lixiaofeng/Code/github/flowrium-voice/audio/myvoice/teacher/teacher_007.wav,查看今天我的课程安排。,查看今天我的课程安排。,True,True,0,10,0.0,2592.7,96.0,803.3
teacher_008,teacher,myvoice,myvoice/teacher,/Users/lixiaofeng/Code/github/flowrium-voice/audio/myvoice/teacher/teacher_008.wav,查询下一节课的上课班级。,查询下一节课的上课班级。,True,True,0,11,0.0,3382.0,92.9,1052.2
teacher_009,teacher,myvoice,myvoice/teacher,/Users/lixiaofeng/Code/github/flowrium-voice/audio/myvoice/teacher/teacher_009.wav,帮我看一下今天我的课表。,帮我看一下今天我的课表。,True,True,0,11,0.0,2870.0,97.8,912.3
teacher_010,teacher,myvoice,myvoice/teacher,/Users/lixiaofeng/Code/github/flowrium-voice/audio/myvoice/teacher/teacher_010.wav,我想查一下下一节课上哪个班。,我想查一下下一节课上哪个班。,True,True,0,13,0.0,3243.3,101.3,1171.2
teacher_011,teacher,myvoice,myvoice/teacher,/Users/lixiaofeng/Code/github/flowrium-voice/audio/myvoice/teacher/teacher_011.wav,看一下今天下午第三节课的上课班级。,看一下今天下午第三节课的上课班级。,True,True,0,16,0.0,3990.0,102.3,1263.3
teacher_012,teacher,myvoice,myvoice/teacher,/Users/lixiaofeng/Code/github/flowrium-voice/audio/myvoice/teacher/teacher_012.wav,看我的课表。,看我的课表。,True,True,0,5,0.0,1526.0,102.4,497.2
teacher_013,teacher,myvoice,myvoice/teacher,/Users/lixiaofeng/Code/github/flowrium-voice/audio/myvoice/teacher/teacher_013.wav,打开七年级一班学生名单。,打开7年级一班学生名单。,False,False,1,11,0.0909,3200.7,96.1,919.3
teacher_014,teacher,myvoice,myvoice/teacher,/Users/lixiaofeng/Code/github/flowrium-voice/audio/myvoice/teacher/teacher_014.wav,查看今天本班学生考勤情况。,查看今天本班学生考勤情况。,True,True,0,12,0.0,3339.3,95.3,977.8
teacher_015,teacher,myvoice,myvoice/teacher,/Users/lixiaofeng/Code/github/flowrium-voice/audio/myvoice/teacher/teacher_015.wav,帮我打开七年级一班学生名单。,帮我打开7年级一班学生名单。,False,False,1,13,0.0769,3339.3,102.2,975.7
teacher_016,teacher,myvoice,myvoice/teacher,/Users/lixiaofeng/Code/github/flowrium-voice/audio/myvoice/teacher/teacher_016.wav,我想看一下今天本班考勤情况。,我想看一下今天本班考勤情况。,True,True,0,13,0.0,3755.3,99.9,1105.4
teacher_017,teacher,myvoice,myvoice/teacher,/Users/lixiaofeng/Code/github/flowrium-voice/audio/myvoice/teacher/teacher_017.wav,打开七年级二班学生名单。,打开7年级二班学生名单。,False,False,1,11,0.0909,3062.0,230.5,1130.5
teacher_018,teacher,myvoice,myvoice/teacher,/Users/lixiaofeng/Code/github/flowrium-voice/audio/myvoice/teacher/teacher_018.wav,看班级名单。,看班级名单。,True,True,0,5,0.0,1942.0,98.2,607.3
teacher_019,teacher,myvoice,myvoice/teacher,/Users/lixiaofeng/Code/github/flowrium-voice/audio/myvoice/teacher/teacher_019.wav,为今天第一节课发起点名。,为今天第一节课发起点名。,True,True,0,11,0.0,3200.7,99.0,1161.5
teacher_020,teacher,myvoice,myvoice/teacher,/Users/lixiaofeng/Code/github/flowrium-voice/audio/myvoice/teacher/teacher_020.wav,查询本周我的调课记录。,查询本周我的雕刻记录。,False,False,2,10,0.2,2688.7,104.1,829.3
teacher_021,teacher,myvoice,myvoice/teacher,/Users/lixiaofeng/Code/github/flowrium-voice/audio/myvoice/teacher/teacher_021.wav,帮我给今天第一节课发起点名。,帮我给今天第一节课发起点名。,True,True,0,13,0.0,3851.3,93.3,1119.6
teacher_022,teacher,myvoice,myvoice/teacher,/Users/lixiaofeng/Code/github/flowrium-voice/audio/myvoice/teacher/teacher_022.wav,我想查一下这周我的调课记录。,我想查一下这周我的雕刻记录。,False,False,2,13,0.1538,3147.3,91.0,927.1
teacher_023,teacher,myvoice,myvoice/teacher,/Users/lixiaofeng/Code/github/flowrium-voice/audio/myvoice/teacher/teacher_023.wav,给七年级一班今天第一节数学课发起点名。,给7年级一班，今天第一节数学课发起点名。,False,False,1,18,0.0556,4310.0,101.4,1277.2
teacher_024,teacher,myvoice,myvoice/teacher,/Users/lixiaofeng/Code/github/flowrium-voice/audio/myvoice/teacher/teacher_024.wav,发起点名。,发起点名。,True,True,0,4,0.0,1707.3,104.9,570.6
teacher_025,teacher,myvoice,myvoice/teacher,/Users/lixiaofeng/Code/github/flowrium-voice/audio/myvoice/teacher/teacher_025.wav,打开我的作业批改列表。,打开我的作业批改列表。,True,True,0,10,0.0,2870.0,94.0,889.9
teacher_026,teacher,myvoice,myvoice/teacher,/Users/lixiaofeng/Code/github/flowrium-voice/audio/myvoice/teacher/teacher_026.wav,查看未提交作业的学生名单。,查看未提交作业的学生名单。,True,True,0,12,0.0,3712.7,99.7,1074.7
teacher_027,teacher,myvoice,myvoice/teacher,/Users/lixiaofeng/Code/github/flowrium-voice/audio/myvoice/teacher/teacher_027.wav,帮我打开作业批改列表。,帮我打开作业，批改列表。,False,True,0,10,0.0,3008.7,93.2,1033.3
teacher_028,teacher,myvoice,myvoice/teacher,/Users/lixiaofeng/Code/github/flowrium-voice/audio/myvoice/teacher/teacher_028.wav,我想看一下谁还没交作业。,我想看一下，谁还没交作业。,False,True,0,11,0.0,3339.3,101.3,953.6
teacher_029,teacher,myvoice,myvoice/teacher,/Users/lixiaofeng/Code/github/flowrium-voice/audio/myvoice/teacher/teacher_029.wav,查一下七年级一班语文作业未提交名单。,查一下7年级一班语文作业，为提交名单。,False,False,2,17,0.1176,4448.7,96.8,1252.6
teacher_030,teacher,myvoice,myvoice/teacher,/Users/lixiaofeng/Code/github/flowrium-voice/audio/myvoice/teacher/teacher_030.wav,看未交作业。,看未交作业。,True,True,0,5,0.0,1707.3,104.0,574.6
teacher_031,teacher,myvoice,myvoice/teacher,/Users/lixiaofeng/Code/github/flowrium-voice/audio/myvoice/teacher/teacher_031.wav,查询本次作业完成率。,查询本次作业完成率。,True,True,0,9,0.0,2592.7,97.9,818.6
teacher_032,teacher,myvoice,myvoice/teacher,/Users/lixiaofeng/Code/github/flowrium-voice/audio/myvoice/teacher/teacher_032.wav,打开最近一次考试成绩分析。,打开最近一次考试成绩分析。,True,True,0,12,0.0,3104.7,103.0,919.0
teacher_033,teacher,myvoice,myvoice/teacher,/Users/lixiaofeng/Code/github/flowrium-voice/audio/myvoice/teacher/teacher_033.wav,帮我查一下这次作业完成率。,帮我查一下这次作业完成率。,True,True,0,12,0.0,3286.0,99.7,951.0
teacher_034,teacher,myvoice,myvoice/teacher,/Users/lixiaofeng/Code/github/flowrium-voice/audio/myvoice/teacher/teacher_034.wav,我想看一下最近一次考试成绩分析。,我想看一下最近一次考试成绩分析。,True,True,0,15,0.0,3936.7,95.7,1114.5
teacher_035,teacher,myvoice,myvoice/teacher,/Users/lixiaofeng/Code/github/flowrium-voice/audio/myvoice/teacher/teacher_035.wav,看一下七年级一班最近一次数学考试成绩分析。,看一下7年级一班，最近一次数学考试成绩分析。,False,False,1,20,0.05,5014.0,98.0,1439.8
teacher_036,teacher,myvoice,myvoice/teacher,/Users/lixiaofeng/Code/github/flowrium-voice/audio/myvoice/teacher/teacher_036.wav,看成绩分析。,看成绩分析。,True,True,0,5,0.0,1899.3,109.2,545.7
teacher_037,teacher,myvoice,myvoice/teacher,/Users/lixiaofeng/Code/github/flowrium-voice/audio/myvoice/teacher/teacher_037.wav,查看本班数学成绩分布。,查看本班数学成绩分布。,True,True,0,10,0.0,2966.0,94.7,891.1
teacher_038,teacher,myvoice,myvoice/teacher,/Users/lixiaofeng/Code/github/flowrium-voice/audio/myvoice/teacher/teacher_038.wav,打开学生课堂表现记录。,打开学生课堂表现记录。,True,True,0,10,0.0,2592.7,101.8,814.1
teacher_039,teacher,myvoice,myvoice/teacher,/Users/lixiaofeng/Code/github/flowrium-voice/audio/myvoice/teacher/teacher_039.wav,帮我看一下本班数学成绩分布。,帮我看一下本班数学成绩分布。,True,True,0,13,0.0,3339.3,102.6,984.5
teacher_040,teacher,myvoice,myvoice/teacher,/Users/lixiaofeng/Code/github/flowrium-voice/audio/myvoice/teacher/teacher_040.wav,我想打开学生课堂表现记录。,我想打开学生课堂表现记录。,True,True,0,12,0.0,3659.3,101.1,1100.6
teacher_041,teacher,myvoice,myvoice/teacher,/Users/lixiaofeng/Code/github/flowrium-voice/audio/myvoice/teacher/teacher_041.wav,打开张明的课堂表现记录。,打开张明的课堂表现记录。,True,True,0,11,0.0,3147.3,98.9,951.8
teacher_042,teacher,myvoice,myvoice/teacher,/Users/lixiaofeng/Code/github/flowrium-voice/audio/myvoice/teacher/teacher_042.wav,看课堂表现。,看课堂表现。,True,True,0,5,0.0,1803.3,101.2,626.1
teacher_043,teacher,myvoice,myvoice/teacher,/Users/lixiaofeng/Code/github/flowrium-voice/audio/myvoice/teacher/teacher_043.wav,给张明添加课堂表扬记录。,给张明添加课堂表扬记录。,True,True,0,11,0.0,3008.7,113.5,1017.3
teacher_044,teacher,myvoice,myvoice/teacher,/Users/lixiaofeng/Code/github/flowrium-voice/audio/myvoice/teacher/teacher_044.wav,查询成绩下降明显的学生。,查询成绩下降明显的学生。,True,True,0,11,0.0,3712.7,109.9,1205.1
teacher_045,teacher,myvoice,myvoice/teacher,/Users/lixiaofeng/Code/github/flowrium-voice/audio/myvoice/teacher/teacher_045.wav,帮我给张明加一条课堂表扬记录。,帮我给张明佳一条课堂表扬记录。,False,False,1,14,0.0714,4224.7,115.1,1296.3
teacher_046,teacher,myvoice,myvoice/teacher,/Users/lixiaofeng/Code/github/flowrium-voice/audio/myvoice/teacher/teacher_046.wav,我想查一下成绩下降比较明显的学生。,我想查一下成绩下降比较明显的学生。,True,True,0,16,0.0,3712.7,100.3,1149.4
teacher_047,teacher,myvoice,myvoice/teacher,/Users/lixiaofeng/Code/github/flowrium-voice/audio/myvoice/teacher/teacher_047.wav,给李晓彤添加一条课堂表扬记录。,给李晓彤添加一条课堂，表扬记录。,False,True,0,14,0.0,4587.3,95.3,1300.3
teacher_048,teacher,myvoice,myvoice/teacher,/Users/lixiaofeng/Code/github/flowrium-voice/audio/myvoice/teacher/teacher_048.wav,加表扬记录。,加表扬记录。,True,True,0,5,0.0,1803.3,101.2,588.1
teacher_049,teacher,myvoice,myvoice/teacher,/Users/lixiaofeng/Code/github/flowrium-voice/audio/myvoice/teacher/teacher_049.wav,查看本周家校沟通记录。,查勘本周驾校沟通记录。,False,False,2,10,0.2,3286.0,110.9,973.9
teacher_050,teacher,myvoice,myvoice/teacher,/Users/lixiaofeng/Code/github/flowrium-voice/audio/myvoice/teacher/teacher_050.wav,打开我的备课任务。,打开我的备课任务。,True,True,0,8,0.0,2315.3,106.0,783.2
teacher_051,teacher,myvoice,myvoice/teacher,/Users/lixiaofeng/Code/github/flowrium-voice/audio/myvoice/teacher/teacher_051.wav,帮我看一下这周家校沟通记录。,帮我看一下这周驾校沟通记录。,False,False,1,13,0.0769,3382.0,111.3,1104.8
teacher_052,teacher,myvoice,myvoice/teacher,/Users/lixiaofeng/Code/github/flowrium-voice/audio/myvoice/teacher/teacher_052.wav,我想打开我的备课任务。,我想打开我的备课任务。,True,True,0,10,0.0,2923.3,99.3,921.5
teacher_053,teacher,myvoice,myvoice/teacher,/Users/lixiaofeng/Code/github/flowrium-voice/audio/myvoice/teacher/teacher_053.wav,看一下七年级一班本周家校沟通记录。,看一下7年级一班，本周家校沟通记录。,False,False,1,16,0.0625,4448.7,103.8,1458.8
teacher_054,teacher,myvoice,myvoice/teacher,/Users/lixiaofeng/Code/github/flowrium-voice/audio/myvoice/teacher/teacher_054.wav,看家校沟通。,参加校沟通。,False,False,2,5,0.4,2038.0,105.2,635.7
teacher_055,teacher,myvoice,myvoice/teacher,/Users/lixiaofeng/Code/github/flowrium-voice/audio/myvoice/teacher/teacher_055.wav,查询本学期我的授课课时。,查询本学期我的授课课时。,True,True,0,11,0.0,3339.3,102.8,1013.9
teacher_056,teacher,myvoice,myvoice/teacher,/Users/lixiaofeng/Code/github/flowrium-voice/audio/myvoice/teacher/teacher_056.wav,生成本班学习情况简报。,生成本班学习情况简报。,True,True,0,10,0.0,3104.7,115.1,957.1
teacher_057,teacher,myvoice,myvoice/teacher,/Users/lixiaofeng/Code/github/flowrium-voice/audio/myvoice/teacher/teacher_057.wav,帮我查一下这学期我的授课课时。,帮我查一下这学期我的授课时。,False,False,1,14,0.0714,3755.3,133.8,1184.8
teacher_058,teacher,myvoice,myvoice/teacher,/Users/lixiaofeng/Code/github/flowrium-voice/audio/myvoice/teacher/teacher_058.wav,我想生成本班学习情况简报。,我想生成本班，学习情况简报。,False,True,0,12,0.0,3478.0,103.9,1156.7
teacher_059,teacher,myvoice,myvoice/teacher,/Users/lixiaofeng/Code/github/flowrium-voice/audio/myvoice/teacher/teacher_059.wav,生成七年级一班本周学习情况简报。,生成7年级一班，本周学习情况简报。,False,False,1,15,0.0667,4128.7,103.9,1268.4
teacher_060,teacher,myvoice,myvoice/teacher,/Users/lixiaofeng/Code/github/flowrium-voice/audio/myvoice/teacher/teacher_060.wav,生成班级简报。,生成班级简报。,True,True,0,6,0.0,2134.0,99.6,643.1
staff_001,staff,myvoice,myvoice/staff,/Users/lixiaofeng/Code/github/flowrium-voice/audio/myvoice/staff/staff_001.wav,打开我的办公工作台。,打开我的办公工作台。,True,True,0,9,0.0,2411.3,109.5,777.7
staff_002,staff,myvoice,myvoice/staff,/Users/lixiaofeng/Code/github/flowrium-voice/audio/myvoice/staff/staff_002.wav,返回教职工服务首页。,返回教职工服首页。,False,False,1,9,0.1111,2454.0,98.5,759.1
staff_003,staff,myvoice,myvoice/staff,/Users/lixiaofeng/Code/github/flowrium-voice/audio/myvoice/staff/staff_003.wav,帮我打开办公工作台。,帮我打开办公工作台。,True,True,0,9,0.0,2784.7,101.5,877.8
staff_004,staff,myvoice,myvoice/staff,/Users/lixiaofeng/Code/github/flowrium-voice/audio/myvoice/staff/staff_004.wav,我想回到教职工服务首页。,我想回到教职工服首页。,False,False,1,11,0.0909,2966.0,107.7,878.2
staff_005,staff,myvoice,myvoice/staff,/Users/lixiaofeng/Code/github/flowrium-voice/audio/myvoice/staff/staff_005.wav,切到后勤办公工作台首页。,切到后勤办公工作台首页。,True,True,0,11,0.0,3478.0,99.3,1042.5
staff_006,staff,myvoice,myvoice/staff,/Users/lixiaofeng/Code/github/flowrium-voice/audio/myvoice/staff/staff_006.wav,打开办公台。,打开办公台。,True,True,0,5,0.0,1707.3,101.1,552.5
staff_007,staff,myvoice,myvoice/staff,/Users/lixiaofeng/Code/github/flowrium-voice/audio/myvoice/staff/staff_007.wav,查看今天我的待办事项。,查看今天我的代办事项。,False,False,1,10,0.1,2688.7,101.6,765.2
staff_008,staff,myvoice,myvoice/staff,/Users/lixiaofeng/Code/github/flowrium-voice/audio/myvoice/staff/staff_008.wav,查询我提交的审批进度。,查询我提交的审批进度。,True,True,0,10,0.0,3200.7,92.3,1161.1
staff_009,staff,myvoice,myvoice/staff,/Users/lixiaofeng/Code/github/flowrium-voice/audio/myvoice/staff/staff_009.wav,帮我看一下今天我的待办。,帮我看一下今天我的代办。,False,False,1,11,0.0909,2550.0,111.3,820.0
staff_010,staff,myvoice,myvoice/staff,/Users/lixiaofeng/Code/github/flowrium-voice/audio/myvoice/staff/staff_010.wav,我想查一下我提交的审批进度。,我想查一下我提交的审批进度。,True,True,0,13,0.0,3851.3,97.7,1166.6
staff_011,staff,myvoice,myvoice/staff,/Users/lixiaofeng/Code/github/flowrium-voice/audio/myvoice/staff/staff_011.wav,查一下设备采购审批的处理进度。,查一下设备采购审批的处理进度。,True,True,0,14,0.0,3478.0,100.2,1076.6
staff_012,staff,myvoice,myvoice/staff,/Users/lixiaofeng/Code/github/flowrium-voice/audio/myvoice/staff/staff_012.wav,看审批进度。,看审批进度。,True,True,0,5,0.0,1846.0,98.5,569.5
staff_013,staff,myvoice,myvoice/staff,/Users/lixiaofeng/Code/github/flowrium-voice/audio/myvoice/staff/staff_013.wav,打开请假申请页面。,打开请假申请页面。,True,True,0,8,0.0,2550.0,102.5,772.1
staff_014,staff,myvoice,myvoice/staff,/Users/lixiaofeng/Code/github/flowrium-voice/audio/myvoice/staff/staff_014.wav,提交今天下午的请假申请。,提交今天下午的请假申请。,True,True,0,11,0.0,3200.7,92.2,924.8
staff_015,staff,myvoice,myvoice/staff,/Users/lixiaofeng/Code/github/flowrium-voice/audio/myvoice/staff/staff_015.wav,帮我打开请假申请页面。,帮我打开请假，申请页面。,False,True,0,10,0.0,3243.3,106.5,949.6
staff_016,staff,myvoice,myvoice/staff,/Users/lixiaofeng/Code/github/flowrium-voice/audio/myvoice/staff/staff_016.wav,我想提交今天下午的请假申请。,我想提交今天下午的请假申请。,True,True,0,13,0.0,2966.0,99.2,945.4
staff_017,staff,myvoice,myvoice/staff,/Users/lixiaofeng/Code/github/flowrium-voice/audio/myvoice/staff/staff_017.wav,提交明天下午两点到五点的请假申请。,提交明天下午两点到五点的请假申请。,True,True,0,16,0.0,4406.0,88.1,1235.0
staff_018,staff,myvoice,myvoice/staff,/Users/lixiaofeng/Code/github/flowrium-voice/audio/myvoice/staff/staff_018.wav,提请假申请。,提请假申请。,True,True,0,5,0.0,1995.3,97.9,580.2
staff_019,staff,myvoice,myvoice/staff,/Users/lixiaofeng/Code/github/flowrium-voice/audio/myvoice/staff/staff_019.wav,查看本月我的考勤记录。,查看本月我的考勤记录。,True,True,0,10,0.0,2496.7,99.7,770.1
staff_020,staff,myvoice,myvoice/staff,/Users/lixiaofeng/Code/github/flowrium-voice/audio/myvoice/staff/staff_020.wav,查询本周我的值班安排。,查询本周我的值班安排。,True,True,0,10,0.0,2688.7,97.3,808.4
staff_021,staff,myvoice,myvoice/staff,/Users/lixiaofeng/Code/github/flowrium-voice/audio/myvoice/staff/staff_021.wav,帮我看一下这个月我的考勤记录。,帮我看一下这个月我的考勤记录。,True,True,0,14,0.0,3798.0,104.4,1156.5
staff_022,staff,myvoice,myvoice/staff,/Users/lixiaofeng/Code/github/flowrium-voice/audio/myvoice/staff/staff_022.wav,我想查一下这周我的值班安排。,我想查一下这周我的值班安排。,True,True,0,13,0.0,3382.0,101.4,1037.1
staff_023,staff,myvoice,myvoice/staff,/Users/lixiaofeng/Code/github/flowrium-voice/audio/myvoice/staff/staff_023.wav,看一下周三下午的值班安排。,看一下周三下午的值班安排。,True,True,0,12,0.0,3147.3,91.0,920.6
staff_024,staff,myvoice,myvoice/staff,/Users/lixiaofeng/Code/github/flowrium-voice/audio/myvoice/staff/staff_024.wav,看我的考勤。,看我的考勤。,True,True,0,5,0.0,1622.0,100.8,531.9
staff_025,staff,myvoice,myvoice/staff,/Users/lixiaofeng/Code/github/flowrium-voice/audio/myvoice/staff/staff_025.wav,打开校园通知公告列表。,打开校园通知公告列表。,True,True,0,10,0.0,2923.3,98.2,862.0
staff_026,staff,myvoice,myvoice/staff,/Users/lixiaofeng/Code/github/flowrium-voice/audio/myvoice/staff/staff_026.wav,查看最新一条学校通知。,查看最新一条学校通知。,True,True,0,10,0.0,2966.0,103.4,883.8
staff_027,staff,myvoice,myvoice/staff,/Users/lixiaofeng/Code/github/flowrium-voice/audio/myvoice/staff/staff_027.wav,帮我打开学校通知列表。,帮我打开学校通知列表。,True,True,0,10,0.0,2827.3,97.2,981.8
staff_028,staff,myvoice,myvoice/staff,/Users/lixiaofeng/Code/github/flowrium-voice/audio/myvoice/staff/staff_028.wav,我想看一下最新一条学校通知。,我想看一下最新一条学校通知。,True,True,0,13,0.0,3339.3,91.4,1054.1
staff_029,staff,myvoice,myvoice/staff,/Users/lixiaofeng/Code/github/flowrium-voice/audio/myvoice/staff/staff_029.wav,打开后勤处本周的通知公告列表。,打开后勤处，本周的通知公告列表。,False,True,0,14,0.0,3574.0,100.0,1196.7
staff_030,staff,myvoice,myvoice/staff,/Users/lixiaofeng/Code/github/flowrium-voice/audio/myvoice/staff/staff_030.wav,看学校通知。,看学校通知。,True,True,0,5,0.0,1942.0,98.1,664.9
staff_031,staff,myvoice,myvoice/staff,/Users/lixiaofeng/Code/github/flowrium-voice/audio/myvoice/staff/staff_031.wav,查询会议室预约情况。,查询会议室预约情况。,True,True,0,9,0.0,2592.7,110.1,820.6
staff_032,staff,myvoice,myvoice/staff,/Users/lixiaofeng/Code/github/flowrium-voice/audio/myvoice/staff/staff_032.wav,预约明天下午三点的会议室。,预约明天下午三点的会议室。,True,True,0,12,0.0,3286.0,96.9,1074.8
staff_033,staff,myvoice,myvoice/staff,/Users/lixiaofeng/Code/github/flowrium-voice/audio/myvoice/staff/staff_033.wav,帮我查一下会议室预约情况。,帮我查一下会议室预约情况。,True,True,0,12,0.0,3104.7,100.0,1091.0
staff_034,staff,myvoice,myvoice/staff,/Users/lixiaofeng/Code/github/flowrium-voice/audio/myvoice/staff/staff_034.wav,我想预约明天下午三点的会议室。,我想预约明天下午三点的会议室。,True,True,0,14,0.0,3851.3,102.7,1091.4
staff_035,staff,myvoice,myvoice/staff,/Users/lixiaofeng/Code/github/flowrium-voice/audio/myvoice/staff/staff_035.wav,预约行政楼三楼第一会议室明天下午三点。,预约行政楼三楼，第一会议是明天下午三点。,False,False,1,18,0.0556,5152.7,94.2,1817.9
staff_036,staff,myvoice,myvoice/staff,/Users/lixiaofeng/Code/github/flowrium-voice/audio/myvoice/staff/staff_036.wav,订会议室。,进会议室。,False,False,1,4,0.25,1483.3,105.8,467.9
staff_037,staff,myvoice,myvoice/staff,/Users/lixiaofeng/Code/github/flowrium-voice/audio/myvoice/staff/staff_037.wav,打开设备报修页面。,打开设备报修页面。,True,True,0,8,0.0,2454.0,103.7,720.3
staff_038,staff,myvoice,myvoice/staff,/Users/lixiaofeng/Code/github/flowrium-voice/audio/myvoice/staff/staff_038.wav,提交办公室打印机报修申请。,提交办公室打印机报修申请。,True,True,0,12,0.0,4128.7,94.0,1140.1
staff_039,staff,myvoice,myvoice/staff,/Users/lixiaofeng/Code/github/flowrium-voice/audio/myvoice/staff/staff_039.wav,帮我打开设备报修页面。,帮我打开设备报修页面。,True,True,0,10,0.0,2827.3,96.1,843.7
staff_040,staff,myvoice,myvoice/staff,/Users/lixiaofeng/Code/github/flowrium-voice/audio/myvoice/staff/staff_040.wav,我想提交办公室打印机报修申请。,我想提交办公室打印机报修申请。,True,True,0,14,0.0,3894.0,91.0,1131.6
staff_041,staff,myvoice,myvoice/staff,/Users/lixiaofeng/Code/github/flowrium-voice/audio/myvoice/staff/staff_041.wav,提交行政楼二楼办公室打印机报修申请。,提交行政楼二楼办公室打印机报修申请。,True,True,0,17,0.0,5099.3,103.5,1544.7
staff_042,staff,myvoice,myvoice/staff,/Users/lixiaofeng/Code/github/flowrium-voice/audio/myvoice/staff/staff_042.wav,提报修。,提报修。,True,True,0,3,0.0,1483.3,96.9,497.7
staff_043,staff,myvoice,myvoice/staff,/Users/lixiaofeng/Code/github/flowrium-voice/audio/myvoice/staff/staff_043.wav,查看我的报修处理进度。,查看我的报修处理进度。,True,True,0,10,0.0,2731.3,138.1,849.6
staff_044,staff,myvoice,myvoice/staff,/Users/lixiaofeng/Code/github/flowrium-voice/audio/myvoice/staff/staff_044.wav,查询本周食堂用餐安排。,查询本周食堂用餐安排。,True,True,0,10,0.0,3424.7,105.2,996.3
staff_045,staff,myvoice,myvoice/staff,/Users/lixiaofeng/Code/github/flowrium-voice/audio/myvoice/staff/staff_045.wav,帮我看一下我的报修处理进度。,帮我看一下我的报修处理进度。,True,True,0,13,0.0,3147.3,105.7,981.7
staff_046,staff,myvoice,myvoice/staff,/Users/lixiaofeng/Code/github/flowrium-voice/audio/myvoice/staff/staff_046.wav,我想查一下这周食堂用餐安排。,我想查一下这周食堂用餐安排。,True,True,0,13,0.0,3616.7,107.2,1081.4
staff_047,staff,myvoice,myvoice/staff,/Users/lixiaofeng/Code/github/flowrium-voice/audio/myvoice/staff/staff_047.wav,看一下周五中午的食堂用餐安排。,看一下周五中午的食堂用餐安排。,True,True,0,14,0.0,3659.3,98.2,1084.2
staff_048,staff,myvoice,myvoice/staff,/Users/lixiaofeng/Code/github/flowrium-voice/audio/myvoice/staff/staff_048.wav,看食堂安排。,看食堂安排。,True,True,0,5,0.0,3420.0,190.6,593.3
staff_049,staff,myvoice,myvoice/staff,/Users/lixiaofeng/Code/github/flowrium-voice/audio/myvoice/staff/staff_049.wav,打开工资条查询页面。,打开工资条查询页面。,True,True,0,9,0.0,2635.3,101.9,764.9
staff_050,staff,myvoice,myvoice/staff,/Users/lixiaofeng/Code/github/flowrium-voice/audio/myvoice/staff/staff_050.wav,查看本月工资发放情况。,查看本月工资发放情况。,True,True,0,10,0.0,2731.3,96.2,785.0
staff_051,staff,myvoice,myvoice/staff,/Users/lixiaofeng/Code/github/flowrium-voice/audio/myvoice/staff/staff_051.wav,帮我打开工资条查询页面。,帮我打开工资条查询页面。,True,True,0,11,0.0,3147.3,104.8,946.9
staff_052,staff,myvoice,myvoice/staff,/Users/lixiaofeng/Code/github/flowrium-voice/audio/myvoice/staff/staff_052.wav,我想看一下本月工资发放情况。,我想看一下本月工资发放情况。,True,True,0,13,0.0,3243.3,93.6,975.4
staff_053,staff,myvoice,myvoice/staff,/Users/lixiaofeng/Code/github/flowrium-voice/audio/myvoice/staff/staff_053.wav,查询四月份工资发放情况。,查询4月份工资发放情况。,False,False,1,11,0.0909,3104.7,100.0,913.7
staff_054,staff,myvoice,myvoice/staff,/Users/lixiaofeng/Code/github/flowrium-voice/audio/myvoice/staff/staff_054.wav,看工资条。,看工资条。,True,True,0,4,0.0,1622.0,91.7,508.4
staff_055,staff,myvoice,myvoice/staff,/Users/lixiaofeng/Code/github/flowrium-voice/audio/myvoice/staff/staff_055.wav,查询我的培训学习任务。,查询我的培训学习任务。,True,True,0,10,0.0,2827.3,102.4,877.8
staff_056,staff,myvoice,myvoice/staff,/Users/lixiaofeng/Code/github/flowrium-voice/audio/myvoice/staff/staff_056.wav,打开教职工通讯录。,打开教职工通讯录。,True,True,0,8,0.0,2550.0,97.3,756.2
staff_057,staff,myvoice,myvoice/staff,/Users/lixiaofeng/Code/github/flowrium-voice/audio/myvoice/staff/staff_057.wav,帮我查一下我的培训学习任务。,帮我查一下我的培训学习任务。,True,True,0,13,0.0,3147.3,94.4,920.6
staff_058,staff,myvoice,myvoice/staff,/Users/lixiaofeng/Code/github/flowrium-voice/audio/myvoice/staff/staff_058.wav,我想打开教职工通讯录。,我想打开教职工通讯录。,True,True,0,10,0.0,2784.7,106.1,842.0
staff_059,staff,myvoice,myvoice/staff,/Users/lixiaofeng/Code/github/flowrium-voice/audio/myvoice/staff/staff_059.wav,打开后勤处教职工通讯录。,打开后勤处教职工通讯录。,True,True,0,11,0.0,3062.0,96.1,889.9
staff_060,staff,myvoice,myvoice/staff,/Users/lixiaofeng/Code/github/flowrium-voice/audio/myvoice/staff/staff_060.wav,看培训任务。,看培训任务。,True,True,0,5,0.0,1664.7,98.1,527.6
